{
    "application_name": "tsum-cc-cmi-front-ng",
    "config_type": "env",
    "config_targets": [
        ".env"
    ],
    "additional_sections": [],
    "config_path": "/../tsum/config.json",
    "linked_dirs": [
        "var/log"
    ],
    "stages": {
        "alpha": {
            "api":   ["10.0.4.150"]
        },
        "beta": {
            "api":   ["10.0.4.151"]
        },
        "gamma": {
            "api":   ["10.0.4.167"]
        },
        "delta": {
            "api":   ["10.0.4.193"]
        },
        "preprod": {
            "api":   ["10.0.4.152"]
        },
        "production": {
            "api":   ["10.0.3.94","10.0.3.96"]
        }
    },
    "after": [
        [ "tsum:upload",   "tsum:config"        ],
        [ "tsum:config",   "tsum:custom_config" ],
        [ "tsum:reconfig", "tsum:custom_config" ],
        [ "deploy:symlink:release", "tsum-cc-cmi-front-ng:send_to_socket" ]
    ]
}
