{
    "extends": ["codelyzer"],
    "rules": {
        "directive-selector": false,
        "component-selector": [true, "element", ["app", "ui", "base"], "kebab-case"],
        "arrow-return-shorthand": true,
        "callable-types": true,
        "class-name": true,
        "comment-format": [true, "check-space"],
        "curly": true,
        "deprecation": false,
        "eofline": true,
        "forin": true,
        "import-blacklist": [true, "rxjs/Rx"],
        "import-spacing": true,
        "indent": [true, "spaces"],
        "interface-over-type-literal": true,
        "label-position": true,
        "max-classes-per-file": [true, 1],
        "max-line-length": [true, 140],
        "member-access": false,
        "member-ordering": false,
        "no-arg": true,
        "no-bitwise": true,
        "no-construct": true,
        "no-debugger": true,
        "no-duplicate-super": true,
        "no-empty": false,
        "no-empty-interface": false,
        "no-eval": true,
        "no-inferrable-types": false,
        "no-misused-new": true,
        "no-non-null-assertion": true,
        "no-shadowed-variable": false,
        "no-string-literal": false,
        "no-string-throw": true,
        "no-switch-case-fall-through": true,
        "no-trailing-whitespace": true,
        "no-unnecessary-initializer": true,
        "no-unused-expression": true,
        "no-var-keyword": true,
        "object-literal-sort-keys": false,
        "one-line": [true, "check-open-brace", "check-catch", "check-else", "check-whitespace"],
        "prefer-const": true,
        "quotemark": [true, "single"],
        "radix": true,
        "semicolon": [true, "always"],
        "triple-equals": [true, "allow-null-check"],
        "typedef-whitespace": [
            true,
            {
                "call-signature": "nospace",
                "index-signature": "nospace",
                "parameter": "nospace",
                "property-declaration": "nospace",
                "variable-declaration": "nospace"
            }
        ],
        "unified-signatures": true,
        "variable-name": false,
        "whitespace": [true, "check-branch", "check-decl", "check-operator", "check-separator", "check-type"],

        "use-component-view-encapsulation": true,
        "contextual-lifecycle": true,
        "no-output-on-prefix": true,
        "no-inputs-metadata-property": true,
        "no-outputs-metadata-property": true,
        "no-host-metadata-property": false,
        "no-input-rename": false,
        "no-output-rename": false,
        "use-lifecycle-interface": true,
        "use-pipe-decorator": true,
        "use-pipe-transform-interface": true,
        "component-class-suffix": true,
        "directive-class-suffix": true,
        "template-banana-in-box": true,
        "template-no-negated-async": false
    }
}
