[
    {
        "id": 10674895,
        "model_id": 10674894,
        "title": "Кожаная куртка",
        "slug": "5173603-kozhanaya-kurtka-saint-laurent-chernyi",
        "photos": [
            {
                "small": "https://static-dev.int.tsum.com/stand/rho/i/10/67/48/95//01_434.jpg?u=1575582142",
                "middle": "https://static-dev.int.tsum.com/stand/rho/i/10/67/48/95//01_1526.jpg?u=1575582142"
            },
            {
                "small": "https://static-dev.int.tsum.com/stand/rho/i/10/67/48/95//02_434.jpg?u=1575582142",
                "middle": "https://static-dev.int.tsum.com/stand/rho/i/10/67/48/95//02_1526.jpg?u=1575582142"
            },
            {
                "small": "https://static-dev.int.tsum.com/stand/rho/i/10/67/48/95//03_434.jpg?u=1575582142",
                "middle": "https://static-dev.int.tsum.com/stand/rho/i/10/67/48/95//03_1526.jpg?u=1575582142"
            },
            {
                "small": "https://static-dev.int.tsum.com/stand/rho/i/10/67/48/95//04_434.jpg?u=1575582142",
                "middle": "https://static-dev.int.tsum.com/stand/rho/i/10/67/48/95//04_1526.jpg?u=1575582142"
            },
            {
                "small": "https://static-dev.int.tsum.com/stand/rho/i/10/67/48/95//05_434.jpg?u=1575582142",
                "middle": "https://static-dev.int.tsum.com/stand/rho/i/10/67/48/95//05_1526.jpg?u=1575582142"
            }
        ],
        "color_code": "Черный_1000",
        "colorConcrete": {
            "id": 660987,
            "content_id": "d70b37aa-3b43-3f17-bf95-155aeafd0fc7",
            "title": "Черный",
            "slug": "chernyy",
            "hex": "000000",
            "feminine": "Черная",
            "neutral": "Черное",
            "plural": "Черные",
            "parental": "Черного",
            "image_url": null
        },
        "skuList": [
            {
                "id": 10674896,
                "item_id": 10674895,
                "ext_id": 11921598,
                "ext_guid": "",
                "barcode": "11921598",
                "barcode_vnd": "",
                "season": "SS 2020",
                "size_id": 164302,
                "size_vendor_name": "34",
                "price_original": 316000,
                "price_discount": 316000,
                "visible": 1,
                "is_buyable": 1,
                "availabilityInStock": false,
                "size": {
                    "id": 164302,
                    "title": "40",
                    "title_vnd": "40",
                    "visible": 1,
                    "is_visible_in_catalog": 1
                }
            },
            {
                "id": 10674897,
                "item_id": 10674895,
                "ext_id": 11903173,
                "ext_guid": "",
                "barcode": "11903173",
                "barcode_vnd": "",
                "season": "SS 2020",
                "size_id": 165932,
                "size_vendor_name": "36",
                "price_original": 316000,
                "price_discount": 316000,
                "visible": 1,
                "is_buyable": 1,
                "availabilityInStock": false,
                "size": {
                    "id": 165932,
                    "title": "42",
                    "title_vnd": "42",
                    "visible": 1,
                    "is_visible_in_catalog": 1
                }
            },
            {
                "id": 10674898,
                "item_id": 10674895,
                "ext_id": 11903174,
                "ext_guid": "",
                "barcode": "11903174",
                "barcode_vnd": "",
                "season": "SS 2020",
                "size_id": 164450,
                "size_vendor_name": "38",
                "price_original": 316000,
                "price_discount": 316000,
                "visible": 1,
                "is_buyable": 1,
                "availabilityInStock": false,
                "size": {
                    "id": 164450,
                    "title": "44",
                    "title_vnd": "44",
                    "visible": 1,
                    "is_visible_in_catalog": 1
                }
            },
            {
                "id": 10674899,
                "item_id": 10674895,
                "ext_id": 11903175,
                "ext_guid": "",
                "barcode": "11903175",
                "barcode_vnd": "",
                "season": "SS 2020",
                "size_id": 712157,
                "size_vendor_name": "40",
                "price_original": 316000,
                "price_discount": 316000,
                "visible": 1,
                "is_buyable": 1,
                "availabilityInStock": true,
                "size": {
                    "id": 712157,
                    "title": "46",
                    "title_vnd": "S",
                    "visible": 1,
                    "is_visible_in_catalog": 1
                }
            },
            {
                "id": 10674900,
                "item_id": 10674895,
                "ext_id": 11903176,
                "ext_guid": "",
                "barcode": "11903176",
                "barcode_vnd": "",
                "season": "SS 2020",
                "size_id": 712156,
                "size_vendor_name": "42",
                "price_original": 316000,
                "price_discount": 316000,
                "visible": 1,
                "is_buyable": 1,
                "availabilityInStock": true,
                "size": {
                    "id": 712156,
                    "title": "48",
                    "title_vnd": "M",
                    "visible": 1,
                    "is_visible_in_catalog": 1
                }
            },
            {
                "id": 10674901,
                "item_id": 10674895,
                "ext_id": 11921599,
                "ext_guid": "",
                "barcode": "11921599",
                "barcode_vnd": "",
                "season": "SS 2020",
                "size_id": 712155,
                "size_vendor_name": "44",
                "price_original": 316000,
                "price_discount": 316000,
                "visible": 1,
                "is_buyable": 1,
                "availabilityInStock": false,
                "size": {
                    "id": 712155,
                    "title": "50",
                    "title_vnd": "L",
                    "visible": 1,
                    "is_visible_in_catalog": 1
                }
            },
            {
                "id": 10674902,
                "item_id": 10674895,
                "ext_id": 11903177,
                "ext_guid": "",
                "barcode": "11903177",
                "barcode_vnd": "",
                "season": "SS 2020",
                "size_id": 164452,
                "size_vendor_name": "46",
                "price_original": 316000,
                "price_discount": 316000,
                "visible": 1,
                "is_buyable": 1,
                "availabilityInStock": true,
                "size": {
                    "id": 164452,
                    "title": "52",
                    "title_vnd": "52",
                    "visible": 1,
                    "is_visible_in_catalog": 1
                }
            }
        ],
        "tags": [
            {
                "id": 10546332,
                "content_id": "0e41a304-33ea-3cfa-8847-df5db4690f87",
                "title": "Весна-лето 2020",
                "slug": "ss20",
                "color_hex": "2c2c2c",
                "sort": 40,
                "xml_id": 10546332,
                "only_card_payment": 0,
                "show_in_filter": 1,
                "visible": 1,
                "season_discount": 0,
                "apply_season_discount": 1,
                "is_seasonable": 0,
                "item_id": "10674895"
            }
        ],
        "selections": [
            {
                "id": 10887119,
                "visible": 1,
                "title": "DLT SS",
                "slug": "dlt-ss",
                "preview_photo_id": null,
                "detail_photo_id": null,
                "url": "",
                "back_url": null,
                "item_id": "10674895"
            },
            {
                "id": 10926124,
                "visible": 1,
                "title": "Актуально сейчас: 5 образов с косухой",
                "slug": "biker-jacket-looks",
                "preview_photo_id": null,
                "detail_photo_id": null,
                "url": "",
                "back_url": null,
                "item_id": "10674895"
            },
            {
                "id": 10999733,
                "visible": 1,
                "title": "Топ-30 кожаных курток",
                "slug": "top-30-leather-jackets",
                "preview_photo_id": null,
                "detail_photo_id": null,
                "url": "",
                "back_url": null,
                "item_id": "10674895"
            }
        ],
        "description_lit": "Черная косуха из весенне-летней коллекции бренда, основанного Ивом Сен-Лораном, – идеальный вариант для тех, кто живет в режиме «с корабля на бал». Днем ее можно носить с футболкой и короткой юбкой или джинсами, а вечером – с платьем в пол и босоножками. Для создания модели Энтони Ваккарелло выбрал мягкую гладкую кожу с легким блеском.",
        "description_seo": "Женская черная кожаная куртка SAINT LAURENT, арт. 481862/Y50A2 по цене 316000 руб. купить в интернет-магазине ЦУМ. Экспресс доставка, подарочная упаковка.",
        "ext_id": "5173603",
        "gender": "female",
        "season": "",
        "brand_id": 436298,
        "brand_name": "Saint Laurent",
        "category_id": 18676,
        "category_slug": "kurtki-18676",
        "has_size_table": true
    },
    {
        "id": 10674695,
        "model_id": 10674694,
        "title": "Шелковая рубашка",
        "slug": "5459440-shelkovaya-rubashka-versace-fuksiya",
        "photos": [
            {
                "small": "https://static-dev.int.tsum.com/stand/rho/i/10/67/46/95//01_434.jpg?u=1575582049",
                "middle": "https://static-dev.int.tsum.com/stand/rho/i/10/67/46/95//01_1526.jpg?u=1575582049"
            },
            {
                "small": "https://static-dev.int.tsum.com/stand/rho/i/10/67/46/95//02_434.jpg?u=1575582049",
                "middle": "https://static-dev.int.tsum.com/stand/rho/i/10/67/46/95//02_1526.jpg?u=1575582049"
            },
            {
                "small": "https://static-dev.int.tsum.com/stand/rho/i/10/67/46/95//03_434.jpg?u=1575582049",
                "middle": "https://static-dev.int.tsum.com/stand/rho/i/10/67/46/95//03_1526.jpg?u=1575582049"
            },
            {
                "small": "https://static-dev.int.tsum.com/stand/rho/i/10/67/46/95//04_434.jpg?u=1575582049",
                "middle": "https://static-dev.int.tsum.com/stand/rho/i/10/67/46/95//04_1526.jpg?u=1575582049"
            },
            {
                "small": "https://static-dev.int.tsum.com/stand/rho/i/10/67/46/95//05_434.jpg?u=1575582049",
                "middle": "https://static-dev.int.tsum.com/stand/rho/i/10/67/46/95//05_1526.jpg?u=1575582049"
            }
        ],
        "color_code": "Фуксия_A7230",
        "colorConcrete": {
            "id": 660998,
            "content_id": "b3a346df-5c58-3a93-b3c9-b54bbb2f5593",
            "title": "Фуксия",
            "slug": "fuksiya",
            "hex": "cf2366",
            "feminine": "Фуксия",
            "neutral": "Фуксия",
            "plural": "Фуксия",
            "parental": "Фуксия",
            "image_url": null
        },
        "skuList": [
            {
                "id": 10674696,
                "item_id": 10674695,
                "ext_id": 11891234,
                "ext_guid": "",
                "barcode": "11891234",
                "barcode_vnd": "",
                "season": "SS 2020",
                "size_id": 164296,
                "size_vendor_name": "36",
                "price_original": 78250,
                "price_discount": 78250,
                "visible": 1,
                "is_buyable": 1,
                "availabilityInStock": false,
                "size": {
                    "id": 164296,
                    "title": "38",
                    "title_vnd": "38",
                    "visible": 1,
                    "is_visible_in_catalog": 1
                }
            },
            {
                "id": 10674697,
                "item_id": 10674695,
                "ext_id": 11891235,
                "ext_guid": "",
                "barcode": "11891235",
                "barcode_vnd": "",
                "season": "SS 2020",
                "size_id": 164302,
                "size_vendor_name": "38",
                "price_original": 78250,
                "price_discount": 78250,
                "visible": 1,
                "is_buyable": 1,
                "availabilityInStock": true,
                "size": {
                    "id": 164302,
                    "title": "40",
                    "title_vnd": "40",
                    "visible": 1,
                    "is_visible_in_catalog": 1
                }
            },
            {
                "id": 10674698,
                "item_id": 10674695,
                "ext_id": 11891236,
                "ext_guid": "",
                "barcode": "11891236",
                "barcode_vnd": "",
                "season": "SS 2020",
                "size_id": 165932,
                "size_vendor_name": "40",
                "price_original": 78250,
                "price_discount": 78250,
                "visible": 1,
                "is_buyable": 1,
                "availabilityInStock": true,
                "size": {
                    "id": 165932,
                    "title": "42",
                    "title_vnd": "42",
                    "visible": 1,
                    "is_visible_in_catalog": 1
                }
            },
            {
                "id": 10674699,
                "item_id": 10674695,
                "ext_id": 11891237,
                "ext_guid": "",
                "barcode": "11891237",
                "barcode_vnd": "",
                "season": "SS 2020",
                "size_id": 164450,
                "size_vendor_name": "42",
                "price_original": 78250,
                "price_discount": 78250,
                "visible": 1,
                "is_buyable": 1,
                "availabilityInStock": true,
                "size": {
                    "id": 164450,
                    "title": "44",
                    "title_vnd": "44",
                    "visible": 1,
                    "is_visible_in_catalog": 1
                }
            },
            {
                "id": 10674700,
                "item_id": 10674695,
                "ext_id": 11891238,
                "ext_guid": "",
                "barcode": "11891238",
                "barcode_vnd": "",
                "season": "SS 2020",
                "size_id": 712157,
                "size_vendor_name": "44",
                "price_original": 78250,
                "price_discount": 78250,
                "visible": 1,
                "is_buyable": 1,
                "availabilityInStock": true,
                "size": {
                    "id": 712157,
                    "title": "46",
                    "title_vnd": "S",
                    "visible": 1,
                    "is_visible_in_catalog": 1
                }
            },
            {
                "id": 10674701,
                "item_id": 10674695,
                "ext_id": 11891239,
                "ext_guid": "",
                "barcode": "11891239",
                "barcode_vnd": "",
                "season": "SS 2020",
                "size_id": 712156,
                "size_vendor_name": "46",
                "price_original": 78250,
                "price_discount": 78250,
                "visible": 1,
                "is_buyable": 1,
                "availabilityInStock": true,
                "size": {
                    "id": 712156,
                    "title": "48",
                    "title_vnd": "M",
                    "visible": 1,
                    "is_visible_in_catalog": 1
                }
            }
        ],
        "tags": [
            {
                "id": 10546332,
                "content_id": "0e41a304-33ea-3cfa-8847-df5db4690f87",
                "title": "Весна-лето 2020",
                "slug": "ss20",
                "color_hex": "2c2c2c",
                "sort": 40,
                "xml_id": 10546332,
                "only_card_payment": 0,
                "show_in_filter": 1,
                "visible": 1,
                "season_discount": 0,
                "apply_season_discount": 1,
                "is_seasonable": 0,
                "item_id": "10674695"
            },
            {
                "id": 10988667,
                "content_id": "edf7526d-297e-30e9-bb4c-7f9bf21acf6b",
                "title": "-30% на вторую и -50% на третью вещь",
                "slug": "20-30-offer",
                "color_hex": "2c2c2c",
                "sort": 2,
                "xml_id": 10988667,
                "only_card_payment": 0,
                "show_in_filter": 1,
                "visible": 1,
                "season_discount": 0,
                "apply_season_discount": 0,
                "is_seasonable": 0,
                "item_id": "10674695"
            }
        ],
        "selections": [
            {
                "id": 10752015,
                "visible": 1,
                "title": "Лучшие образы из новых коллекций",
                "slug": "best-looks-from-new-collections",
                "preview_photo_id": null,
                "detail_photo_id": null,
                "url": "",
                "back_url": null,
                "item_id": "10674695"
            },
            {
                "id": 10887119,
                "visible": 1,
                "title": "DLT SS",
                "slug": "dlt-ss",
                "preview_photo_id": null,
                "detail_photo_id": null,
                "url": "",
                "back_url": null,
                "item_id": "10674695"
            }
        ],
        "description_lit": "Вдохновившись Диким Западом, Донателла Версаче украсила вещи из круизной коллекции 2020 года мотивами в стиле вестерн. Например, принт на этой ярко-розовой рубашке – новая интерпретация знакового орнамента Barocco: узнаваемый рисунок дополнили деталями, стилизованными под фурнитуру на джинсах и шерифские звезды. Для создания модели с отложным воротником использовали мягкий тонкий шелк.",
        "description_seo": "Женская фуксия шелковая рубашка VERSACE, арт. A82662/A232646 по цене 78250 руб. купить в интернет-магазине ЦУМ. Экспресс доставка, подарочная упаковка.",
        "ext_id": "5459440",
        "gender": "female",
        "season": "",
        "brand_id": 211822,
        "brand_name": "Versace",
        "category_id": 18815,
        "category_slug": "bluzy-18815",
        "has_size_table": true
    },
    {
        "id": 10674334,
        "model_id": 10674333,
        "title": "Джинсы",
        "slug": "5453562-dzhinsy-paige-sinii",
        "photos": [
            {
                "small": "https://static-dev.int.tsum.com/stand/rho/i/10/67/43/34//01_434.jpg?u=1575581884",
                "middle": "https://static-dev.int.tsum.com/stand/rho/i/10/67/43/34//01_1526.jpg?u=1575581884"
            },
            {
                "small": "https://static-dev.int.tsum.com/stand/rho/i/10/67/43/34//02_434.jpg?u=1575581884",
                "middle": "https://static-dev.int.tsum.com/stand/rho/i/10/67/43/34//02_1526.jpg?u=1575581884"
            },
            {
                "small": "https://static-dev.int.tsum.com/stand/rho/i/10/67/43/34//03_434.jpg?u=1575581884",
                "middle": "https://static-dev.int.tsum.com/stand/rho/i/10/67/43/34//03_1526.jpg?u=1575581884"
            },
            {
                "small": "https://static-dev.int.tsum.com/stand/rho/i/10/67/43/34//04_434.jpg?u=1575581884",
                "middle": "https://static-dev.int.tsum.com/stand/rho/i/10/67/43/34//04_1526.jpg?u=1575581884"
            },
            {
                "small": "https://static-dev.int.tsum.com/stand/rho/i/10/67/43/34//05_434.jpg?u=1575581884",
                "middle": "https://static-dev.int.tsum.com/stand/rho/i/10/67/43/34//05_1526.jpg?u=1575581884"
            }
        ],
        "color_code": "Синий_W6449",
        "colorConcrete": {
            "id": 660996,
            "content_id": "59daec95-a902-34a3-a62a-af3d4e358def",
            "title": "Синий",
            "slug": "siniy",
            "hex": "191970",
            "feminine": "Синяя",
            "neutral": "Синее",
            "plural": "Синие",
            "parental": "Синего",
            "image_url": null
        },
        "skuList": [
            {
                "id": 10674335,
                "item_id": 10674334,
                "ext_id": 11792974,
                "ext_guid": "",
                "barcode": "11792974",
                "barcode_vnd": "",
                "season": "SS 2020",
                "size_id": 164296,
                "size_vendor_name": "23",
                "price_original": 21400,
                "price_discount": 21400,
                "visible": 1,
                "is_buyable": 1,
                "availabilityInStock": true,
                "size": {
                    "id": 164296,
                    "title": "38",
                    "title_vnd": "38",
                    "visible": 1,
                    "is_visible_in_catalog": 1
                }
            },
            {
                "id": 10674336,
                "item_id": 10674334,
                "ext_id": 11792975,
                "ext_guid": "",
                "barcode": "11792975",
                "barcode_vnd": "",
                "season": "SS 2020",
                "size_id": 164302,
                "size_vendor_name": "24",
                "price_original": 21400,
                "price_discount": 21400,
                "visible": 1,
                "is_buyable": 1,
                "availabilityInStock": true,
                "size": {
                    "id": 164302,
                    "title": "40",
                    "title_vnd": "40",
                    "visible": 1,
                    "is_visible_in_catalog": 1
                }
            },
            {
                "id": 10674337,
                "item_id": 10674334,
                "ext_id": 11792976,
                "ext_guid": "",
                "barcode": "11792976",
                "barcode_vnd": "",
                "season": "SS 2020",
                "size_id": 165932,
                "size_vendor_name": "25",
                "price_original": 21400,
                "price_discount": 21400,
                "visible": 1,
                "is_buyable": 1,
                "availabilityInStock": true,
                "size": {
                    "id": 165932,
                    "title": "42",
                    "title_vnd": "42",
                    "visible": 1,
                    "is_visible_in_catalog": 1
                }
            },
            {
                "id": 10674338,
                "item_id": 10674334,
                "ext_id": 11792977,
                "ext_guid": "",
                "barcode": "11792977",
                "barcode_vnd": "",
                "season": "SS 2020",
                "size_id": 164450,
                "size_vendor_name": "26",
                "price_original": 21400,
                "price_discount": 21400,
                "visible": 1,
                "is_buyable": 1,
                "availabilityInStock": true,
                "size": {
                    "id": 164450,
                    "title": "44",
                    "title_vnd": "44",
                    "visible": 1,
                    "is_visible_in_catalog": 1
                }
            },
            {
                "id": 10674339,
                "item_id": 10674334,
                "ext_id": 11792978,
                "ext_guid": "",
                "barcode": "11792978",
                "barcode_vnd": "",
                "season": "SS 2020",
                "size_id": 164450,
                "size_vendor_name": "27",
                "price_original": 21400,
                "price_discount": 21400,
                "visible": 1,
                "is_buyable": 1,
                "availabilityInStock": true,
                "size": {
                    "id": 164450,
                    "title": "44",
                    "title_vnd": "44",
                    "visible": 1,
                    "is_visible_in_catalog": 1
                }
            },
            {
                "id": 10674340,
                "item_id": 10674334,
                "ext_id": 11792979,
                "ext_guid": "",
                "barcode": "11792979",
                "barcode_vnd": "",
                "season": "SS 2020",
                "size_id": 712157,
                "size_vendor_name": "28",
                "price_original": 21400,
                "price_discount": 21400,
                "visible": 1,
                "is_buyable": 1,
                "availabilityInStock": true,
                "size": {
                    "id": 712157,
                    "title": "46",
                    "title_vnd": "S",
                    "visible": 1,
                    "is_visible_in_catalog": 1
                }
            },
            {
                "id": 10674341,
                "item_id": 10674334,
                "ext_id": 11792980,
                "ext_guid": "",
                "barcode": "11792980",
                "barcode_vnd": "",
                "season": "SS 2020",
                "size_id": 712157,
                "size_vendor_name": "29",
                "price_original": 21400,
                "price_discount": 21400,
                "visible": 1,
                "is_buyable": 1,
                "availabilityInStock": true,
                "size": {
                    "id": 712157,
                    "title": "46",
                    "title_vnd": "S",
                    "visible": 1,
                    "is_visible_in_catalog": 1
                }
            },
            {
                "id": 10674342,
                "item_id": 10674334,
                "ext_id": 11792981,
                "ext_guid": "",
                "barcode": "11792981",
                "barcode_vnd": "",
                "season": "SS 2020",
                "size_id": 712156,
                "size_vendor_name": "30",
                "price_original": 21400,
                "price_discount": 21400,
                "visible": 1,
                "is_buyable": 1,
                "availabilityInStock": true,
                "size": {
                    "id": 712156,
                    "title": "48",
                    "title_vnd": "M",
                    "visible": 1,
                    "is_visible_in_catalog": 1
                }
            },
            {
                "id": 10674343,
                "item_id": 10674334,
                "ext_id": 11792982,
                "ext_guid": "",
                "barcode": "11792982",
                "barcode_vnd": "",
                "season": "SS 2020",
                "size_id": 712156,
                "size_vendor_name": "31",
                "price_original": 21400,
                "price_discount": 21400,
                "visible": 1,
                "is_buyable": 1,
                "availabilityInStock": false,
                "size": {
                    "id": 712156,
                    "title": "48",
                    "title_vnd": "M",
                    "visible": 1,
                    "is_visible_in_catalog": 1
                }
            },
            {
                "id": 10674344,
                "item_id": 10674334,
                "ext_id": 11792983,
                "ext_guid": "",
                "barcode": "11792983",
                "barcode_vnd": "",
                "season": "SS 2020",
                "size_id": 712155,
                "size_vendor_name": "32",
                "price_original": 21400,
                "price_discount": 21400,
                "visible": 1,
                "is_buyable": 1,
                "availabilityInStock": false,
                "size": {
                    "id": 712155,
                    "title": "50",
                    "title_vnd": "L",
                    "visible": 1,
                    "is_visible_in_catalog": 1
                }
            }
        ],
        "tags": [
            {
                "id": 10546332,
                "content_id": "0e41a304-33ea-3cfa-8847-df5db4690f87",
                "title": "Весна-лето 2020",
                "slug": "ss20",
                "color_hex": "2c2c2c",
                "sort": 40,
                "xml_id": 10546332,
                "only_card_payment": 0,
                "show_in_filter": 1,
                "visible": 1,
                "season_discount": 0,
                "apply_season_discount": 1,
                "is_seasonable": 0,
                "item_id": "10674334"
            },
            {
                "id": 10988667,
                "content_id": "edf7526d-297e-30e9-bb4c-7f9bf21acf6b",
                "title": "-30% на вторую и -50% на третью вещь",
                "slug": "20-30-offer",
                "color_hex": "2c2c2c",
                "sort": 2,
                "xml_id": 10988667,
                "only_card_payment": 0,
                "show_in_filter": 1,
                "visible": 1,
                "season_discount": 0,
                "apply_season_discount": 0,
                "is_seasonable": 0,
                "item_id": "10674334"
            }
        ],
        "selections": [
            {
                "id": 10887119,
                "visible": 1,
                "title": "DLT SS",
                "slug": "dlt-ss",
                "preview_photo_id": null,
                "detail_photo_id": null,
                "url": "",
                "back_url": null,
                "item_id": "10674334"
            }
        ],
        "description_lit": "Джинсы из весенне-летней коллекции 2020 года – удачная инвестиция в повседневный гардероб. Для создания модели мастера марки использовали мягкий хлопок. В чистом виде материал плохо тянется, поэтому в состав ткани добавили гладкие эластичные волокна: так вещь лучше садится по фигуре.",
        "description_seo": "Женские синие джинсы PAIGE, арт. 5845E77-6449 по цене 21400 руб. купить в интернет-магазине ЦУМ. Экспресс доставка, подарочная упаковка.",
        "ext_id": "5453562",
        "gender": "female",
        "season": "",
        "brand_id": 204429,
        "brand_name": "Paige",
        "category_id": 18491,
        "category_slug": "dzhinsy-18491",
        "has_size_table": true
    },
    {
        "id": 10678154,
        "model_id": 10678153,
        "title": "Сумка Cassandra medium",
        "slug": "5461135-sumka-cassandra-medium-saint-laurent-bordovyi",
        "photos": [
            {
                "small": "https://static-dev.int.tsum.com/stand/rho/i/10/67/81/54//01_434.jpg?u=1575667544",
                "middle": "https://static-dev.int.tsum.com/stand/rho/i/10/67/81/54//01_1526.jpg?u=1575667544"
            },
            {
                "small": "https://static-dev.int.tsum.com/stand/rho/i/10/67/81/54//02_434.jpg?u=1575667544",
                "middle": "https://static-dev.int.tsum.com/stand/rho/i/10/67/81/54//02_1526.jpg?u=1575667544"
            },
            {
                "small": "https://static-dev.int.tsum.com/stand/rho/i/10/67/81/54//03_434.jpg?u=1575667544",
                "middle": "https://static-dev.int.tsum.com/stand/rho/i/10/67/81/54//03_1526.jpg?u=1575667544"
            },
            {
                "small": "https://static-dev.int.tsum.com/stand/rho/i/10/67/81/54//04_434.jpg?u=1575667544",
                "middle": "https://static-dev.int.tsum.com/stand/rho/i/10/67/81/54//04_1526.jpg?u=1575667544"
            },
            {
                "small": "https://static-dev.int.tsum.com/stand/rho/i/10/67/81/54//05_434.jpg?u=1575667544",
                "middle": "https://static-dev.int.tsum.com/stand/rho/i/10/67/81/54//05_1526.jpg?u=1575667544"
            },
            {
                "small": "https://static-dev.int.tsum.com/stand/rho/i/10/67/81/54//06_434.jpg?u=1575667544",
                "middle": "https://static-dev.int.tsum.com/stand/rho/i/10/67/81/54//06_1526.jpg?u=1575667544"
            },
            {
                "small": "https://static-dev.int.tsum.com/stand/rho/i/10/67/81/54//07_434.jpg?u=1575667544",
                "middle": "https://static-dev.int.tsum.com/stand/rho/i/10/67/81/54//07_1526.jpg?u=1575667544"
            }
        ],
        "color_code": "Бордо_9376",
        "colorConcrete": {
            "id": 661020,
            "content_id": "496a8bec-833f-3e26-b74c-07298f151681",
            "title": "Бордовый",
            "slug": "bordovyy",
            "hex": "8b0000",
            "feminine": "Бордовая",
            "neutral": "Бордовое",
            "plural": "Бордовые",
            "parental": "Бордового",
            "image_url": null
        },
        "skuList": [
            {
                "id": 10678155,
                "item_id": 10678154,
                "ext_id": 11903293,
                "ext_guid": "",
                "barcode": "11903293",
                "barcode_vnd": "",
                "season": "SS 2020",
                "size_id": 2199813,
                "size_vendor_name": "NS",
                "price_original": 148000,
                "price_discount": 148000,
                "visible": 1,
                "is_buyable": 1,
                "availabilityInStock": true,
                "size": {
                    "id": 2199813,
                    "title": "NS",
                    "title_vnd": "NS",
                    "visible": 1,
                    "is_visible_in_catalog": 0
                }
            }
        ],
        "tags": [
            {
                "id": 10546332,
                "content_id": "0e41a304-33ea-3cfa-8847-df5db4690f87",
                "title": "Весна-лето 2020",
                "slug": "ss20",
                "color_hex": "2c2c2c",
                "sort": 40,
                "xml_id": 10546332,
                "only_card_payment": 0,
                "show_in_filter": 1,
                "visible": 1,
                "season_discount": 0,
                "apply_season_discount": 1,
                "is_seasonable": 0,
                "item_id": "10678154"
            }
        ],
        "selections": [
            {
                "id": 10887119,
                "visible": 1,
                "title": "DLT SS",
                "slug": "dlt-ss",
                "preview_photo_id": null,
                "detail_photo_id": null,
                "url": "",
                "back_url": null,
                "item_id": "10678154"
            },
            {
                "id": 10905914,
                "visible": 1,
                "title": "Главные сумки весна-лето 2020",
                "slug": "bags-2020-women",
                "preview_photo_id": null,
                "detail_photo_id": null,
                "url": "",
                "back_url": null,
                "item_id": "10678154"
            }
        ],
        "description_lit": "Название небольшой сумке Cassandra из весенне-летней коллекции 2020 года дал декор: золотистую пряжку выполнили в форме знаковой монограммы, в которой зашифрованы инициалы Ива Сен-Лорана. Для создания модели Энтони Ваккарелло выбрал комбинацию фактурного хлопкового канваса и гладкой полуглянцевой кожи глубокого винного цвета. Тонкий регулируемый ремень-цепочку можно превратить в две длинные ручки.",
        "description_seo": "Женская бордовая сумка cassandra medium SAINT LAURENT, арт. 532750/HZD2J по цене 148000 руб. купить в интернет-магазине ЦУМ. Экспресс доставка, подарочная упаковка.",
        "ext_id": "5461135",
        "gender": "female",
        "season": "",
        "brand_id": 436298,
        "brand_name": "Saint Laurent",
        "category_id": 18936,
        "category_slug": "sumki-18936",
        "has_size_table": false
    },
    {
        "id": 10679521,
        "model_id": 10679520,
        "title": "Пиджак из смеси шерсти и шелка",
        "slug": "5457589-pidzhak-iz-smesi-shersti-i-shelka-brunello-cucinelli-sinii",
        "photos": [
            {
                "small": "https://static-dev.int.tsum.com/stand/rho/i/10/67/95/21//01_434.jpg?u=1575668114",
                "middle": "https://static-dev.int.tsum.com/stand/rho/i/10/67/95/21//01_1526.jpg?u=1575668114"
            },
            {
                "small": "https://static-dev.int.tsum.com/stand/rho/i/10/67/95/21//02_434.jpg?u=1575668114",
                "middle": "https://static-dev.int.tsum.com/stand/rho/i/10/67/95/21//02_1526.jpg?u=1575668114"
            },
            {
                "small": "https://static-dev.int.tsum.com/stand/rho/i/10/67/95/21//03_434.jpg?u=1575668114",
                "middle": "https://static-dev.int.tsum.com/stand/rho/i/10/67/95/21//03_1526.jpg?u=1575668114"
            },
            {
                "small": "https://static-dev.int.tsum.com/stand/rho/i/10/67/95/21//04_434.jpg?u=1575668114",
                "middle": "https://static-dev.int.tsum.com/stand/rho/i/10/67/95/21//04_1526.jpg?u=1575668114"
            },
            {
                "small": "https://static-dev.int.tsum.com/stand/rho/i/10/67/95/21//05_434.jpg?u=1575668114",
                "middle": "https://static-dev.int.tsum.com/stand/rho/i/10/67/95/21//05_1526.jpg?u=1575668114"
            }
        ],
        "color_code": "Синий_C064",
        "colorConcrete": {
            "id": 660996,
            "content_id": "59daec95-a902-34a3-a62a-af3d4e358def",
            "title": "Синий",
            "slug": "siniy",
            "hex": "191970",
            "feminine": "Синяя",
            "neutral": "Синее",
            "plural": "Синие",
            "parental": "Синего",
            "image_url": null
        },
        "skuList": [
            {
                "id": 10679522,
                "item_id": 10679521,
                "ext_id": 11877369,
                "ext_guid": "",
                "barcode": "11877369",
                "barcode_vnd": "",
                "season": "SS 2020",
                "size_id": 712156,
                "size_vendor_name": "48",
                "price_original": 185500,
                "price_discount": 185500,
                "visible": 1,
                "is_buyable": 1,
                "availabilityInStock": true,
                "size": {
                    "id": 712156,
                    "title": "48",
                    "title_vnd": "M",
                    "visible": 1,
                    "is_visible_in_catalog": 1
                }
            },
            {
                "id": 10679523,
                "item_id": 10679521,
                "ext_id": 11877370,
                "ext_guid": "",
                "barcode": "11877370",
                "barcode_vnd": "",
                "season": "SS 2020",
                "size_id": 712155,
                "size_vendor_name": "50",
                "price_original": 185500,
                "price_discount": 185500,
                "visible": 1,
                "is_buyable": 1,
                "availabilityInStock": true,
                "size": {
                    "id": 712155,
                    "title": "50",
                    "title_vnd": "L",
                    "visible": 1,
                    "is_visible_in_catalog": 1
                }
            },
            {
                "id": 10679524,
                "item_id": 10679521,
                "ext_id": 11877371,
                "ext_guid": "",
                "barcode": "11877371",
                "barcode_vnd": "",
                "season": "SS 2020",
                "size_id": 164452,
                "size_vendor_name": "52",
                "price_original": 185500,
                "price_discount": 185500,
                "visible": 1,
                "is_buyable": 1,
                "availabilityInStock": true,
                "size": {
                    "id": 164452,
                    "title": "52",
                    "title_vnd": "52",
                    "visible": 1,
                    "is_visible_in_catalog": 1
                }
            },
            {
                "id": 10679525,
                "item_id": 10679521,
                "ext_id": 11877372,
                "ext_guid": "",
                "barcode": "11877372",
                "barcode_vnd": "",
                "season": "SS 2020",
                "size_id": 164539,
                "size_vendor_name": "54",
                "price_original": 185500,
                "price_discount": 185500,
                "visible": 1,
                "is_buyable": 1,
                "availabilityInStock": true,
                "size": {
                    "id": 164539,
                    "title": "54",
                    "title_vnd": "54",
                    "visible": 1,
                    "is_visible_in_catalog": 1
                }
            },
            {
                "id": 10679526,
                "item_id": 10679521,
                "ext_id": 11877373,
                "ext_guid": "",
                "barcode": "11877373",
                "barcode_vnd": "",
                "season": "SS 2020",
                "size_id": 166367,
                "size_vendor_name": "56",
                "price_original": 185500,
                "price_discount": 185500,
                "visible": 1,
                "is_buyable": 1,
                "availabilityInStock": true,
                "size": {
                    "id": 166367,
                    "title": "56",
                    "title_vnd": "56",
                    "visible": 1,
                    "is_visible_in_catalog": 1
                }
            },
            {
                "id": 10679527,
                "item_id": 10679521,
                "ext_id": 11877374,
                "ext_guid": "",
                "barcode": "11877374",
                "barcode_vnd": "",
                "season": "SS 2020",
                "size_id": 167500,
                "size_vendor_name": "58",
                "price_original": 185500,
                "price_discount": 185500,
                "visible": 1,
                "is_buyable": 1,
                "availabilityInStock": true,
                "size": {
                    "id": 167500,
                    "title": "58",
                    "title_vnd": "58",
                    "visible": 1,
                    "is_visible_in_catalog": 1
                }
            },
            {
                "id": 10679528,
                "item_id": 10679521,
                "ext_id": 11877375,
                "ext_guid": "",
                "barcode": "11877375",
                "barcode_vnd": "",
                "season": "SS 2020",
                "size_id": 171148,
                "size_vendor_name": "60",
                "price_original": 185500,
                "price_discount": 185500,
                "visible": 1,
                "is_buyable": 1,
                "availabilityInStock": true,
                "size": {
                    "id": 171148,
                    "title": "60",
                    "title_vnd": "60",
                    "visible": 1,
                    "is_visible_in_catalog": 1
                }
            }
        ],
        "tags": [
            {
                "id": 2003751,
                "content_id": "93bf0e6d-cd73-35e4-b49e-f41a34e37cc1",
                "title": "Big sizes",
                "slug": "big_size",
                "color_hex": "\t2c2c2c",
                "sort": 90,
                "xml_id": 2003751,
                "only_card_payment": 0,
                "show_in_filter": 1,
                "visible": 1,
                "season_discount": 0,
                "apply_season_discount": 0,
                "is_seasonable": 0,
                "item_id": "10679521"
            },
            {
                "id": 10546332,
                "content_id": "0e41a304-33ea-3cfa-8847-df5db4690f87",
                "title": "Весна-лето 2020",
                "slug": "ss20",
                "color_hex": "2c2c2c",
                "sort": 40,
                "xml_id": 10546332,
                "only_card_payment": 0,
                "show_in_filter": 1,
                "visible": 1,
                "season_discount": 0,
                "apply_season_discount": 1,
                "is_seasonable": 0,
                "item_id": "10679521"
            },
            {
                "id": 10988667,
                "content_id": "edf7526d-297e-30e9-bb4c-7f9bf21acf6b",
                "title": "-30% на вторую и -50% на третью вещь",
                "slug": "20-30-offer",
                "color_hex": "2c2c2c",
                "sort": 2,
                "xml_id": 10988667,
                "only_card_payment": 0,
                "show_in_filter": 1,
                "visible": 1,
                "season_discount": 0,
                "apply_season_discount": 0,
                "is_seasonable": 0,
                "item_id": "10679521"
            }
        ],
        "selections": [
            {
                "id": 10830349,
                "visible": 1,
                "title": "С чем носить свитер",
                "slug": "jumpers-for-all",
                "preview_photo_id": null,
                "detail_photo_id": null,
                "url": "",
                "back_url": null,
                "item_id": "10679521"
            },
            {
                "id": 10887119,
                "visible": 1,
                "title": "DLT SS",
                "slug": "dlt-ss",
                "preview_photo_id": null,
                "detail_photo_id": null,
                "url": "",
                "back_url": null,
                "item_id": "10679521"
            }
        ],
        "description_lit": "Двубортный пиджак из весенне-летней коллекции 2020 года – удачная инвестиция в базовый гардероб. Модель универсального синего цвета органично сочетается с брюками и сорочками любых оттенков. Изделие с широкими лацканами идеально садится по фигуре, не мнется и практически не ощущается на теле за счет материала: Брунелло Кучинелли выбрал для него мягкий габардин на основе нежной шерсти и прочного шелка.",
        "description_seo": "Мужской синий пиджак из смеси шерсти и шелка BRUNELLO CUCINELLI, арт. MHN217BPD по цене 185500 руб. купить в интернет-магазине ЦУМ. Экспресс доставка, подарочная упаковка.",
        "ext_id": "5457589",
        "gender": "male",
        "season": "",
        "brand_id": 4597550,
        "brand_name": "Brunello Cucinelli",
        "category_id": 18971,
        "category_slug": "pidzhaki-18971",
        "has_size_table": true
    }
]
