{
    "10674334": {
        "skuList": [
            {
                "id": 10674335,
                "size_attributes": {
                    "russian_label": "RU",
                    "russian_size": "38",
                    "vendor_label": "\"",
                    "vendor_size": "23"
                },
                "availability_in_stock": true,
                "is_visible_in_catalog": true,
                "is_buyable": true
            },
            {
                "id": 10674336,
                "size_attributes": {
                    "russian_label": "RU",
                    "russian_size": "40",
                    "vendor_label": "\"",
                    "vendor_size": "24"
                },
                "availability_in_stock": true,
                "is_visible_in_catalog": true,
                "is_buyable": true
            },
            {
                "id": 10674337,
                "size_attributes": {
                    "russian_label": "RU",
                    "russian_size": "42",
                    "vendor_label": "\"",
                    "vendor_size": "25"
                },
                "availability_in_stock": true,
                "is_visible_in_catalog": true,
                "is_buyable": true
            },
            {
                "id": 10674338,
                "size_attributes": {
                    "russian_label": "RU",
                    "russian_size": "44",
                    "vendor_label": "\"",
                    "vendor_size": "26"
                },
                "availability_in_stock": true,
                "is_visible_in_catalog": true,
                "is_buyable": true
            },
            {
                "id": 10674339,
                "size_attributes": {
                    "russian_label": "RU",
                    "russian_size": "44",
                    "vendor_label": "\"",
                    "vendor_size": "27"
                },
                "availability_in_stock": true,
                "is_visible_in_catalog": true,
                "is_buyable": true
            },
            {
                "id": 10674340,
                "size_attributes": {
                    "russian_label": "RU",
                    "russian_size": "46",
                    "vendor_label": "\"",
                    "vendor_size": "28"
                },
                "availability_in_stock": true,
                "is_visible_in_catalog": true,
                "is_buyable": true
            },
            {
                "id": 10674341,
                "size_attributes": {
                    "russian_label": "RU",
                    "russian_size": "46",
                    "vendor_label": "\"",
                    "vendor_size": "29"
                },
                "availability_in_stock": true,
                "is_visible_in_catalog": true,
                "is_buyable": true
            },
            {
                "id": 10674342,
                "size_attributes": {
                    "russian_label": "RU",
                    "russian_size": "48",
                    "vendor_label": "\"",
                    "vendor_size": "30"
                },
                "availability_in_stock": true,
                "is_visible_in_catalog": true,
                "is_buyable": true
            },
            {
                "id": 10674343,
                "size_attributes": {
                    "russian_label": "RU",
                    "russian_size": "48",
                    "vendor_label": "\"",
                    "vendor_size": "31"
                },
                "availability_in_stock": false,
                "is_visible_in_catalog": true,
                "is_buyable": true
            },
            {
                "id": 10674344,
                "size_attributes": {
                    "russian_label": "RU",
                    "russian_size": "50",
                    "vendor_label": "\"",
                    "vendor_size": "32"
                },
                "availability_in_stock": false,
                "is_visible_in_catalog": true,
                "is_buyable": true
            }
        ]
    },
    "10674695": {
        "skuList": [
            {
                "id": 10674696,
                "size_attributes": {
                    "russian_label": "RU",
                    "russian_size": "38",
                    "vendor_label": "IT",
                    "vendor_size": "36"
                },
                "availability_in_stock": false,
                "is_visible_in_catalog": true,
                "is_buyable": true
            },
            {
                "id": 10674697,
                "size_attributes": {
                    "russian_label": "RU",
                    "russian_size": "40",
                    "vendor_label": "IT",
                    "vendor_size": "38"
                },
                "availability_in_stock": true,
                "is_visible_in_catalog": true,
                "is_buyable": true
            },
            {
                "id": 10674698,
                "size_attributes": {
                    "russian_label": "RU",
                    "russian_size": "42",
                    "vendor_label": "IT",
                    "vendor_size": "40"
                },
                "availability_in_stock": true,
                "is_visible_in_catalog": true,
                "is_buyable": true
            },
            {
                "id": 10674699,
                "size_attributes": {
                    "russian_label": "RU",
                    "russian_size": "44",
                    "vendor_label": "IT",
                    "vendor_size": "42"
                },
                "availability_in_stock": true,
                "is_visible_in_catalog": true,
                "is_buyable": true
            },
            {
                "id": 10674700,
                "size_attributes": {
                    "russian_label": "RU",
                    "russian_size": "46",
                    "vendor_label": "IT",
                    "vendor_size": "44"
                },
                "availability_in_stock": true,
                "is_visible_in_catalog": true,
                "is_buyable": true
            },
            {
                "id": 10674701,
                "size_attributes": {
                    "russian_label": "RU",
                    "russian_size": "48",
                    "vendor_label": "IT",
                    "vendor_size": "46"
                },
                "availability_in_stock": true,
                "is_visible_in_catalog": true,
                "is_buyable": true
            }
        ]
    },
    "10674895": {
        "skuList": [
            {
                "id": 10674896,
                "size_attributes": {
                    "russian_label": "RU",
                    "russian_size": "40",
                    "vendor_label": "FR",
                    "vendor_size": "34"
                },
                "availability_in_stock": false,
                "is_visible_in_catalog": true,
                "is_buyable": true
            },
            {
                "id": 10674897,
                "size_attributes": {
                    "russian_label": "RU",
                    "russian_size": "42",
                    "vendor_label": "FR",
                    "vendor_size": "36"
                },
                "availability_in_stock": false,
                "is_visible_in_catalog": true,
                "is_buyable": true
            },
            {
                "id": 10674898,
                "size_attributes": {
                    "russian_label": "RU",
                    "russian_size": "44",
                    "vendor_label": "FR",
                    "vendor_size": "38"
                },
                "availability_in_stock": false,
                "is_visible_in_catalog": true,
                "is_buyable": true
            },
            {
                "id": 10674899,
                "size_attributes": {
                    "russian_label": "RU",
                    "russian_size": "46",
                    "vendor_label": "FR",
                    "vendor_size": "40"
                },
                "availability_in_stock": true,
                "is_visible_in_catalog": true,
                "is_buyable": true
            },
            {
                "id": 10674900,
                "size_attributes": {
                    "russian_label": "RU",
                    "russian_size": "48",
                    "vendor_label": "FR",
                    "vendor_size": "42"
                },
                "availability_in_stock": true,
                "is_visible_in_catalog": true,
                "is_buyable": true
            },
            {
                "id": 10674901,
                "size_attributes": {
                    "russian_label": "RU",
                    "russian_size": "50",
                    "vendor_label": "FR",
                    "vendor_size": "44"
                },
                "availability_in_stock": false,
                "is_visible_in_catalog": true,
                "is_buyable": true
            },
            {
                "id": 10674902,
                "size_attributes": {
                    "russian_label": "RU",
                    "russian_size": "52",
                    "vendor_label": "FR",
                    "vendor_size": "46"
                },
                "availability_in_stock": true,
                "is_visible_in_catalog": true,
                "is_buyable": true
            }
        ]
    },
    "10678154": {
        "skuList": [
            {
                "id": 10678155,
                "size_attributes": {
                    "russian_label": null,
                    "russian_size": null,
                    "vendor_label": null,
                    "vendor_size": null
                },
                "availability_in_stock": true,
                "is_visible_in_catalog": false,
                "is_buyable": true
            }
        ]
    },
    "10679521": {
        "skuList": [
            {
                "id": 10679522,
                "size_attributes": {
                    "russian_label": "RU",
                    "russian_size": "48",
                    "vendor_label": "IT",
                    "vendor_size": "48"
                },
                "availability_in_stock": true,
                "is_visible_in_catalog": true,
                "is_buyable": true
            },
            {
                "id": 10679523,
                "size_attributes": {
                    "russian_label": "RU",
                    "russian_size": "50",
                    "vendor_label": "IT",
                    "vendor_size": "50"
                },
                "availability_in_stock": true,
                "is_visible_in_catalog": true,
                "is_buyable": true
            },
            {
                "id": 10679524,
                "size_attributes": {
                    "russian_label": "RU",
                    "russian_size": "52",
                    "vendor_label": "IT",
                    "vendor_size": "52"
                },
                "availability_in_stock": true,
                "is_visible_in_catalog": true,
                "is_buyable": true
            },
            {
                "id": 10679525,
                "size_attributes": {
                    "russian_label": "RU",
                    "russian_size": "54",
                    "vendor_label": "IT",
                    "vendor_size": "54"
                },
                "availability_in_stock": true,
                "is_visible_in_catalog": true,
                "is_buyable": true
            },
            {
                "id": 10679526,
                "size_attributes": {
                    "russian_label": "RU",
                    "russian_size": "56",
                    "vendor_label": "IT",
                    "vendor_size": "56"
                },
                "availability_in_stock": true,
                "is_visible_in_catalog": true,
                "is_buyable": true
            },
            {
                "id": 10679527,
                "size_attributes": {
                    "russian_label": "RU",
                    "russian_size": "58",
                    "vendor_label": "IT",
                    "vendor_size": "58"
                },
                "availability_in_stock": true,
                "is_visible_in_catalog": true,
                "is_buyable": true
            },
            {
                "id": 10679528,
                "size_attributes": {
                    "russian_label": "RU",
                    "russian_size": "60",
                    "vendor_label": "IT",
                    "vendor_size": "60"
                },
                "availability_in_stock": true,
                "is_visible_in_catalog": true,
                "is_buyable": true
            }
        ]
    }
}
