{
    "code": 0,
    "data": {
        "items": [
            {
                "cmiId": "b314d132-9806-34e0-94d3-14cce48574ba",
                "email": "uglymonkey@mail.ru",
                "phone": null,
                "city": "г Москва",
                "building": "к. 2",
                "cellularPhone": "79000000001",
                "cloudContactId": null,
                "countryId": "Россия",
                "createdDateTime": "2019-07-22 16:50:30",
                "discCardHolderAmount": 0,
                "discCardHolderDiscCard": null,
                "discCardHolderDiscCard2": "6888200502027980",
                "discCardHolderId": "ДР02096707",
                "discCardTypeId": "Orange",
                "estate": "18",
                "flat": "37",
                "firstName": "Иван",
                "lastName": "Иванов",
                "middleName": "Иванович",
                "propertyId": ["online"],
                "refId": "ДР02096707",
                "street": "ул Твардовского",
                "zipCode": "123458",
                "mainContacts": {
                    "1ca8112e-84f2-3cac-8f4e-5bec4388bbfb": 1,
                    "229e4dbc-e42e-394f-b286-78b714db1a93": 0
                },
                "communicationAddresses": [
                    {
                        "uuid": "1ca8112e-84f2-3cac-8f4e-5bec4388bbfb",
                        "type": "phone",
                        "address": "79000000001",
                        "weight": "0.00",
                        "label": "online",
                        "preferred": false
                    },
                    {
                        "uuid": "229e4dbc-e42e-394f-b286-78b714db1a93",
                        "type": "phone",
                        "address": "79000000002",
                        "weight": "0.00",
                        "label": "online",
                        "preferred": false
                    }
                ]
            },
            {
                "cmiId": "b314d132-9806-34e0-94d3-14cce48574bb",
                "email": "uglymonkey@mail.ru",
                "phone": null,
                "city": "г Москва",
                "building": "к. 2",
                "cellularPhone": "79000000003",
                "cloudContactId": null,
                "countryId": "Россия",
                "createdDateTime": "2019-07-22 16:50:30",
                "discCardHolderAmount": 0,
                "discCardHolderDiscCard": null,
                "discCardHolderDiscCard2": "6888200502027980",
                "discCardHolderId": "ДР02096707",
                "discCardTypeId": "Orange",
                "estate": "18",
                "flat": "37",
                "firstName": "Петр",
                "lastName": "Петров",
                "middleName": "Петрович",
                "propertyId": ["online"],
                "refId": "ДР02096707",
                "street": "ул Твардовского",
                "zipCode": "123458",
                "mainContacts": {
                    "3ca8112e-84f2-3cac-8f4e-5bec4388bbfb": 0,
                    "429e4dbc-e42e-394f-b286-78b714db1a93": 0
                },
                "communicationAddresses": [
                    {
                        "uuid": "3ca8112e-84f2-3cac-8f4e-5bec4388bbfb",
                        "type": "phone",
                        "address": "79000000003",
                        "weight": "0.00",
                        "label": "online",
                        "preferred": false
                    },
                    {
                        "uuid": "429e4dbc-e42e-394f-b286-78b714db1a93",
                        "type": "phone",
                        "address": "79000000004",
                        "weight": "0.00",
                        "label": "online",
                        "preferred": false
                    }
                ]
            },
            {
                "cmiId": "b314d132-9806-34e0-94d3-14cce48574bc",
                "email": "uglymonkey@mail.ru",
                "phone": null,
                "city": "г Москва",
                "building": "к. 2",
                "cellularPhone": "79000000005",
                "cloudContactId": null,
                "countryId": "Россия",
                "createdDateTime": "2019-07-22 16:50:30",
                "discCardHolderAmount": 0,
                "discCardHolderDiscCard": null,
                "discCardHolderDiscCard2": "6888200502027980",
                "discCardHolderId": "ДР02096707",
                "discCardTypeId": "Orange",
                "estate": "18",
                "flat": "37",
                "firstName": "Сидор",
                "lastName": "Сидоров",
                "middleName": "Сидорович",
                "propertyId": ["online"],
                "refId": "ДР02096707",
                "street": "ул Твардовского",
                "zipCode": "123458",
                "mainContacts": {
                    "5ca8112e-84f2-3cac-8f4e-5bec4388bbfb": 0,
                    "629e4dbc-e42e-394f-b286-78b714db1a93": 0
                },
                "communicationAddresses": [
                    {
                        "uuid": "5ca8112e-84f2-3cac-8f4e-5bec4388bbfb",
                        "type": "phone",
                        "address": "79000000005",
                        "weight": "0.00",
                        "label": "online",
                        "preferred": false
                    },
                    {
                        "uuid": "629e4dbc-e42e-394f-b286-78b714db1a93",
                        "type": "phone",
                        "address": "79000000006",
                        "weight": "0.00",
                        "label": "online",
                        "preferred": false
                    }
                ]
            }
        ],
        "per-page": 50,
        "page": 1,
        "total": 3
    },
    "message": null
}
