{
  "code": 0,
  "data": {
    "uuid": "1",
    "number": "T00071826",
    "cost": null,
    "status": 1,
    "client": {
      "id": "\u0414\u042001118593",
      "firstName": "Тестируем",
      "lastName": "Заказов",
      "middleName": "Статусы",
      "phone": null,
      "property": null
    },
    "contact": {
      "id": "\u0418\u042602368355",
      "contactEmail": null,
      "firstName": "\u041a\u043e\u043d\u0441\u0442\u0430\u043d\u0442\u0438\u043d",
      "phone": null
    },
    "contactWith": null,
    "loyalty": null,
    "payment": {
      "type": 1,
      "url": null,
      "method": null,
      "kind": null,
      "date": null,
      "prepayment": {
        "status": null,
        "giftCardAmount": null,
        "loyaltyCardAmount": null
      }
    },
    "comments": {
      "clientComment": null
    },
    "delivery": {
      "agent": {
        "id": 30,
        "title": "EMPTY"
      },
      "cost": null,
      "date": null,
      "interval": null,
      "deliveryMethod": null,
      "address": {
        "address": "EMPTY",
        "country": "\u0420\u043e\u0441\u0441\u0438\u044f",
        "kladrId": "EMPTY",
        "postCode": null,
        "city": null,
        "regionCode": "",
        "street": null,
        "house": null,
        "building": null,
        "apartment": null
      }
    },
    "action": {
      "coupon": null,
      "action": null,
      "discount": null
    },
    "packs": [],
    "lines": []
  },
  "message": null
}
