{
  "code": 0,
  "data": {
    "items": [
      {
        "uuid": "35484e67-6a2f-3619-a758-c0277854ddd6",
        "orderNo": "T00073882",
        "created": "2020-07-07T11:32:10+03:00",
        "status": 1,
        "isTracked": false,
        "callCenterConfirmed": false,
        "client": {
          "id": "\u0414\u042002326682",
          "isVip": true,
          "firstName": "\u0410\u043a\u0446\u0438\u044f",
          "lastName": "\u0413\u0434\u0435",
          "middleName": null,
          "phone": "79268770327"
        },
        "contact": {
          "id": "\u0418\u042602368956",
          "contactEmail": null,
          "firstName": "\u0410\u043a\u0446\u0438\u044f",
          "phone": "79268770327"
        },
        "payment": {
          "orderAmount": 7815,
          "amountPaymentInclVat": 1
        },
        "delivery": {
          "datePlan": "2020-07-09T00:00:00+03:00",
          "interval": "INT0027872",
          "agent": "INT0027872"
        },
        "labels": [
          "confirmed"
        ]
      },
      {
        "uuid": "8a678c26-1da2-398b-83af-02bf9b7bca4b",
        "orderNo": "T00073881",
        "created": "2020-07-07T11:06:16+03:00",
        "status": 17,
        "isTracked": false,
        "callCenterConfirmed": true,
        "client": {
          "id": "\u0414\u042002326682",
          "isVip": false,
          "firstName": "\u0410\u043a\u0446\u0438\u044f",
          "lastName": "\u0413\u0434\u0435",
          "middleName": null,
          "phone": "79268770327"
        },
        "contact": {
          "id": "\u0418\u042602368956",
          "contactEmail": null,
          "firstName": "\u0410\u043a\u0446\u0438\u044f",
          "phone": "79268770327"
        },
        "payment": {
          "orderAmount": 7815,
          "amountPaymentInclVat": 1
        },
        "delivery": {
          "datePlan": "2020-07-09T00:00:00+03:00",
          "interval": "INT0027872",
          "agent": "INT0027872"
        },
        "labels": [
          "firstTimeOrder",
          "confirmed"
        ]
      },
      {
        "uuid": "f61222b9-0385-303d-8a97-1c3a3af75060",
        "orderNo": "2007071785",
        "created": "2020-07-07T10:54:17+03:00",
        "status": 18,
        "isTracked": true,
        "callCenterConfirmed": false,
        "client": {
          "id": "\u0414\u042000880411",
          "isVip": true,
          "firstName": "\u0410\u0440\u0442\u0435\u043c",
          "lastName": "\u041c\u043e\u0438\u0441\u0435\u0435\u043d\u043a\u043e",
          "middleName": null,
          "phone": "79269507718"
        },
        "contact": {
          "id": "\u0418\u042600884188",
          "contactEmail": "amoiseyenko@tsum.ru",
          "firstName": "\u0410\u0440\u0442\u0435\u043c",
          "phone": "79269507718"
        },
        "payment": {
          "orderAmount": 26160,
          "amountPaymentInclVat": 1
        },
        "delivery": {
          "datePlan": "2020-07-07T00:00:00+03:00",
          "interval": "INT0012281",
          "agent": "INT0012281"
        },
        "labels": []
      },
      {
        "uuid": "dbd9c480-e9cd-373a-920e-03420be0af0b",
        "orderNo": "2007079556",
        "created": "2020-07-07T09:49:58+03:00",
        "status": 24,
        "isTracked": true,
        "callCenterConfirmed": false,
        "client": {
          "id": "\u0414\u042000880411",
          "isVip": false,
          "firstName": "\u0410\u0440\u0442\u0435\u043c",
          "lastName": "\u041c\u043e\u0438\u0441\u0435\u0435\u043d\u043a\u043e",
          "middleName": null,
          "phone": "79269507718"
        },
        "contact": {
          "id": "\u0418\u042600884188",
          "contactEmail": "amoiseyenko@tsum.ru",
          "firstName": "\u0410\u0440\u0442\u0435\u043c",
          "phone": "79269507718"
        },
        "payment": {
          "orderAmount": 13150,
          "amountPaymentInclVat": 0
        },
        "delivery": {
          "datePlan": "2020-07-07T00:00:00+03:00",
          "interval": "INT0012282",
          "agent": "INT0012282"
        },
        "labels": [
          "firstTimeOrder",
          "autoConfirmed"
        ]
      },
      {
        "uuid": "3560c959-5060-3fc6-97fa-0dd82cb5d18f",
        "orderNo": "2007078668",
        "created": "2020-07-07T09:11:18+03:00",
        "status": 35,
        "isTracked": false,
        "callCenterConfirmed": false,
        "client": {
          "id": "\u0414\u042001359353",
          "isVip": true,
          "firstName": "\u041c\u0430\u0440\u0438\u044f",
          "lastName": "\u0414\u0443\u043d\u0430\u0435\u0432\u0430",
          "middleName": null,
          "phone": "79262709737"
        },
        "contact": {
          "id": "\u0418\u042601367255",
          "contactEmail": "madunaeva@tsum.ru",
          "firstName": "\u041c\u0430\u0440\u0438\u044f",
          "phone": "79262709737"
        },
        "payment": {
          "orderAmount": 1410,
          "amountPaymentInclVat": 0
        },
        "delivery": {
          "datePlan": "2020-07-07T00:00:00+03:00",
          "interval": null,
          "agent": null
        },
        "labels": [
          "firstTimeOrder"
        ]
      }
    ],
    "per-page": null,
    "page": 1,
    "total": 821949
  },
  "message": null
}
