{
    "code": 777,
    "data": {
        "uuid": "After receiving it will be replaced by the requested order uuid",
        "number": "MOCK00001",
        "cost": 437200,
        "status": 1,
        "isCallCenterConfirmed": true,
        "isFastBuy": false,
        "isBlocked": false,
        "isPreorder": false,
        "isTracked": true,
        "assigneeId": null,
        "contactWith": 1,
        "labels": [
            "fastBuy",
            "firstTimeOrder",
            "autoConfirmed",
            "preorder",
            "expressDelivery",
            "confirmed"
        ],
        "client": {
            "id": "ДР02325719",
            "cardType": "Orange",
            "isVip": true,
            "firstName": "Мок",
            "lastName": "Моковский",
            "middleName": "Мокович",
            "phone": "8-800-555-35-35",
            "property": null,
            "email": "moc-mocovsky@test.net"
        },
        "contact": {
            "id": "ИЦ02368365",
            "email": "moc-mocovsky@test.net",
            "firstName": "Мок",
            "lastName": "Моковский",
            "middleName": "Мокович",
            "phone": "8-800-555-35-35"
        },
        "loyalty": {
            "loyaltyCard": "1234456778900123",
            "giftCard": null
        },
        "payment": {
            "type": 9,
            "url": "https:\/\/3dsec.sberbank.ru\/payment\/merchants\/sbersafe\/payment_ru.html?mdOrder=cc92bbce-659c-7854-83e2-f9915e1bb8bb",
            "method": 7,
            "kind": null,
            "date": null,
            "prepayment": {
                "status": null,
                "giftCardAmount": 5000,
                "loyaltyCardAmount": 0
            }
        },
        "comments": {
            "clientComment": "ВНИМАНИЕ! Замоканный тестовый заказ!!!!"
        },
        "delivery": {
            "agent": {
                "id": 15,
                "title": "ЦУМ Экспресс"
            },
            "cost": null,
            "date": "2020-06-18",
            "interval": "INT0012168",
            "deliveryMethod": null,
            "pickingMode": 0,
            "address": {
                "address": "Москва, ул. Чистопрудная, д.76, кв. 148",
                "axaptaAddress": null,
                "points": {
                    "lon": null,
                    "lat": null
                },
                "country": "Россия",
                "kladrId": null,
                "postCode": null,
                "city": null,
                "inhabitedLocalityType": null,
                "regionCode": "",
                "streetType": null,
                "street": null,
                "house": null,
                "building": null,
                "apartment": null
            }
        },
        "action": {
            "coupon": 1000,
            "id": null,
            "discount": 15000
        },
        "packs": [
            {
                "uuid": "1",
                "number": 1,
                "quantity": 2,
                "hasPublicity": false,
                "status": 1,
                "isDeleted": false,
                "price": {
                    "total": 0,
                    "spasibo": 0,
                    "coupon": 0,
                    "firstRetailPrice": 0,
                    "priceBeforeDisc": 0,
                    "bonus": 0
                },
                "items": ["4", "5", "6"]
            }
        ],
        "lines": [
            {
                "uuid": "1",
                "number": 1,
                "quantity": 1,
                "hasPublicity": false,
                "possiblyDiscount": false,
                "status": null,
                "isDeleted": false,
                "price": {
                    "spasibo": 0,
                    "coupon": 0,
                    "bonus": 0,
                    "total": 280000,
                    "firstRetailPrice": 316000,
                    "priceBeforeDisc": 280000
                },
                "reject": {
                    "callCenter": "",
                    "reason": 21,
                    "hasWaste": false,
                    "defectDescription": ""
                },
                "item": {
                    "id": 10674896,
                    "itemId": 10674895,
                    "extId": "11921598",
                    "isNewSeason": false,
                    "isFlammable": true,
                    "isFullPrice": true,
                    "isSale": false,
                    "isPreorder": false,
                    "skuName": "",
                    "slug": "5173603-kozhanaya-kurtka-saint-laurent-chernyi",
                    "variantName": "",
                    "photos": [
                        {
                            "middle": "https://st.tsum.com/btrx/i/10/67/48/95//01_1526.jpg?u=1575582142",
                            "small": "https://st.tsum.com/btrx/i/10/67/48/95//01_434.jpg?u=1575582142"
                        },
                        {
                            "middle": "https://st.tsum.com/btrx/i/10/67/48/95//02_1526.jpg?u=1575582142",
                            "small": "https://st.tsum.com/btrx/i/10/67/48/95//02_434.jpg?u=1575582142"
                        },
                        {
                            "middle": "https://st.tsum.com/btrx/i/10/67/48/95//03_1526.jpg?u=1575582142",
                            "small": "https://st.tsum.com/btrx/i/10/67/48/95//03_434.jpg?u=1575582142"
                        },
                        {
                            "middle": "https://st.tsum.com/btrx/i/10/67/48/95//04_1526.jpg?u=1575582142",
                            "small": "https://st.tsum.com/btrx/i/10/67/48/95//04_434.jpg?u=1575582142"
                        },
                        {
                            "middle": "https://st.tsum.com/btrx/i/10/67/48/95//05_1526.jpg?u=1575582142",
                            "small": "https://st.tsum.com/btrx/i/10/67/48/95//05_434.jpg?u=1575582142"
                        }
                    ],
                    "title": "Кожаная куртка",
                    "composition": "",
                    "codeVnd": "8011003848201",
                    "builtCountry": "Италия",
                    "designCountry": "Франция",
                    "description": {
                        "lit": "Черная косуха из весенне-летней коллекции бренда, основанного Ивом Сен-Лораном, – идеальный вариант для тех, кто живет в режиме «с корабля на бал». Днем ее можно носить с футболкой и короткой юбкой или джинсами, а вечером – с платьем в пол и босоножками. Для создания модели Энтони Ваккарелло выбрал мягкую гладкую кожу с легким блеском.",
                        "tech": "Женская черная кожаная куртка SAINT LAURENT, арт. 481862/Y50A2 по цене 316000 руб. купить в интернет-магазине ЦУМ. Экспресс доставка, подарочная упаковка."
                    },
                    "color": {
                        "id": 660987,
                        "title": "Черный",
                        "slug": "chernyy",
                        "hex": "000000",
                        "feminine": "Черная",
                        "neutral": "Черное",
                        "parental": "Черного",
                        "guid": null,
                        "code": null
                    },
                    "tags": [],
                    "sizeTable": null,
                    "brandName": "Saint Laurent",
                    "sizes": [
                        {
                            "id": 11127852,
                            "title": "40",
                            "titleVnd": "40",
                            "visible": 1,
                            "isVisibleInCatalog": 1,
                            "russianLabel": null,
                            "russianSize": null,
                            "vendorLabel": null,
                            "vendorSize": "40"
                        }
                    ]
                }
            },
            {
                "uuid": "2",
                "number": 2,
                "quantity": 1,
                "hasPublicity": false,
                "possiblyDiscount": false,
                "status": null,
                "isDeleted": true,
                "price": {
                    "spasibo": 0,
                    "coupon": 0,
                    "bonus": 0,
                    "total": 75000,
                    "firstRetailPrice": 78250,
                    "priceBeforeDisc": 75000
                },
                "reject": {
                    "callCenter": "",
                    "reason": 0,
                    "hasWaste": false,
                    "defectDescription": ""
                },
                "item": {
                    "id": 10674696,
                    "itemId": 10674695,
                    "extId": "11891234",
                    "isNewSeason": false,
                    "isFlammable": true,
                    "isFullPrice": true,
                    "isSale": false,
                    "isPreorder": false,
                    "skuName": "",
                    "slug": "5459440-shelkovaya-rubashka-versace-fuksiya",
                    "variantName": "",
                    "photos": [
                        {
                            "middle": "https://st.tsum.com/btrx/i/10/67/46/95//01_1526.jpg?u=1575582049",
                            "small": "https://st.tsum.com/btrx/i/10/67/46/95//01_434.jpg?u=1575582049"
                        },
                        {
                            "middle": "https://st.tsum.com/btrx/i/10/67/46/95//02_1526.jpg?u=1575582049",
                            "small": "https://st.tsum.com/btrx/i/10/67/46/95//02_434.jpg?u=1575582049"
                        },
                        {
                            "middle": "https://st.tsum.com/btrx/i/10/67/46/95//03_1526.jpg?u=1575582049",
                            "small": "https://st.tsum.com/btrx/i/10/67/46/95//03_434.jpg?u=1575582049"
                        },
                        {
                            "middle": "https://st.tsum.com/btrx/i/10/67/46/95//04_1526.jpg?u=1575582049",
                            "small": "https://st.tsum.com/btrx/i/10/67/46/95//04_434.jpg?u=1575582049"
                        },
                        {
                            "middle": "https://st.tsum.com/btrx/i/10/67/46/95//05_1526.jpg?u=1575582049",
                            "small": "https://st.tsum.com/btrx/i/10/67/46/95//05_434.jpg?u=1575582049"
                        }
                    ],
                    "title": "Шелковая рубашка",
                    "composition": "",
                    "codeVnd": "8011003848201",
                    "builtCountry": "Италия",
                    "designCountry": "Италия",
                    "description": {
                        "lit": "Вдохновившись Диким Западом, Донателла Версаче украсила вещи из круизной коллекции 2020 года мотивами в стиле вестерн. Например, принт на этой ярко-розовой рубашке – новая интерпретация знакового орнамента Barocco: узнаваемый рисунок дополнили деталями, стилизованными под фурнитуру на джинсах и шерифские звезды. Для создания модели с отложным воротником использовали мягкий тонкий шелк.",
                        "tech": "Женская фуксия шелковая рубашка VERSACE, арт. A82662/A232646 по цене 78250 руб. купить в интернет-магазине ЦУМ. Экспресс доставка, подарочная упаковка."
                    },
                    "color": {
                        "id": 660998,
                        "title": "Фуксия",
                        "slug": "fuksiya",
                        "hex": "cf2366",
                        "feminine": "Фуксия",
                        "neutral": "Фуксия",
                        "parental": "Фуксия",
                        "guid": null,
                        "code": null
                    },
                    "tags": [],
                    "sizeTable": null,
                    "brandName": "Versace",
                    "sizes": [
                        {
                            "id": 11127852,
                            "title": "100ml",
                            "titleVnd": "100ml",
                            "visible": 1,
                            "isVisibleInCatalog": 1,
                            "russianLabel": null,
                            "russianSize": null,
                            "vendorLabel": null,
                            "vendorSize": "100ml"
                        }
                    ]
                }
            },
            {
                "uuid": "3",
                "number": 3,
                "quantity": 1,
                "hasPublicity": false,
                "possiblyDiscount": false,
                "status": null,
                "isDeleted": false,
                "price": {
                    "spasibo": 0,
                    "coupon": 0,
                    "bonus": 0,
                    "total": 27600,
                    "firstRetailPrice": 30000,
                    "priceBeforeDisc": 30000
                },
                "reject": {
                    "callCenter": "",
                    "reason": 3,
                    "hasWaste": false,
                    "defectDescription": ""
                },
                "item": {
                    "id": 11127852,
                    "itemId": null,
                    "extId": "HE00488009",
                    "isNewSeason": false,
                    "isFlammable": true,
                    "isFullPrice": true,
                    "isSale": false,
                    "isPreorder": false,
                    "skuName": "",
                    "variantName": "",
                    "photos": [
                        {
                            "small": "https://st.tsum.com/btrx/i/11/12/78/51//01_434.jpg?u=1590495957",
                            "middle": "https://st.tsum.com/btrx/i/11/12/78/51//01_1526.jpg?u=1590495957"
                        },
                        {
                            "small": "https://st.tsum.com/btrx/i/11/12/78/51//02_434.jpg?u=1590495957",
                            "middle": "https://st.tsum.com/btrx/i/11/12/78/51//02_1526.jpg?u=1590495957"
                        }
                    ],
                    "title": "Парфюмерная вода Vanille Rouge",
                    "composition": "",
                    "codeVnd": "8011003848201",
                    "builtCountry": "Италия",
                    "designCountry": "Италия",
                    "description": {
                        "lit": "На острове Мадагаскар выращивают самый дорогой сорт ванили с терпким насыщенным ароматом. Чтобы собрать урожай, каждый цветок опыляют вручную специальными кисточками. В ольфакторной пирамиде Vanille Rouge звучание драгоценного ингредиента оттенили сладостью пралине в окружении пудрово-мускусных аккордов.",
                        "tech": ""
                    },
                    "color": {
                        "id": 712110,
                        "title": "Бесцветный",
                        "slug": "bestsvetnyy",
                        "hex": "",
                        "feminine": "Бесцветная",
                        "neutral": "Бесцветное",
                        "parental": "Бесцветные",
                        "guid": null,
                        "code": null
                    },
                    "tags": [],
                    "sizeTable": null,
                    "brandName": "Stella McCartney",
                    "sizes": [
                        {
                            "id": 11127852,
                            "title": "100ml",
                            "titleVnd": "100ml",
                            "visible": 1,
                            "isVisibleInCatalog": 1,
                            "russianLabel": null,
                            "russianSize": null,
                            "vendorLabel": null,
                            "vendorSize": "100ml"
                        }
                    ]
                }
            },
            {
                "uuid": "4",
                "number": 4,
                "quantity": 1,
                "hasPublicity": false,
                "possiblyDiscount": false,
                "status": null,
                "isDeleted": false,
                "price": {
                    "spasibo": 0,
                    "coupon": 0,
                    "bonus": 0,
                    "total": 301000,
                    "firstRetailPrice": 316000,
                    "priceBeforeDisc": 316000
                },
                "reject": {
                    "callCenter": "",
                    "reason": 0,
                    "hasWaste": false,
                    "defectDescription": ""
                },
                "item": {
                    "id": 10674902,
                    "itemId": 10674895,
                    "extId": "5173603",
                    "isNewSeason": false,
                    "isFlammable": false,
                    "isFullPrice": true,
                    "isSale": false,
                    "isPreorder": false,
                    "skuName": "",
                    "variantName": "",
                    "photos": [
                        {
                            "small": "https://static-dev.int.tsum.com/stand/rho/i/10/67/48/95//01_434.jpg?u=1575582142",
                            "middle": "https://static-dev.int.tsum.com/stand/rho/i/10/67/48/95//01_1526.jpg?u=1575582142"
                        },
                        {
                            "small": "https://static-dev.int.tsum.com/stand/rho/i/10/67/48/95//01_434.jpg?u=1575582142",
                            "middle": "https://static-dev.int.tsum.com/stand/rho/i/10/67/48/95//01_1526.jpg?u=1575582142"
                        }
                    ],
                    "title": "Кожаная куртка",
                    "composition": "",
                    "codeVnd": "",
                    "builtCountry": "Италия",
                    "designCountry": "Франция",
                    "description": {
                        "lit": "Черная косуха из весенне-летней коллекции бренда, основанного Ивом Сен-Лораном, – идеальный вариант для тех, кто живет в режиме «с корабля на бал». Днем ее можно носить с футболкой и короткой юбкой или джинсами, а вечером – с платьем в пол и босоножками. Для создания модели Энтони Ваккарелло выбрал мягкую гладкую кожу с легким блеском.",
                        "tech": "Женская черная кожаная куртка SAINT LAURENT, арт. 481862/Y50A2 по цене 316000 руб. купить в интернет-магазине ЦУМ. Экспресс доставка, подарочная упаковка."
                    },
                    "color": {
                        "id": 660987,
                        "title": "Черный",
                        "slug": "chernyy",
                        "hex": "000000",
                        "feminine": "Черная",
                        "neutral": "Черное",
                        "parental": "Черного",
                        "guid": null,
                        "code": null
                    },
                    "tags": [],
                    "sizeTable": null,
                    "brandName": "Saint Laurent",
                    "sizes": [
                        {
                            "id": 10674902,
                            "title": "52",
                            "titleVnd": "52",
                            "visible": 1,
                            "isVisibleInCatalog": 1,
                            "russianLabel": null,
                            "russianSize": null,
                            "vendorLabel": null,
                            "vendorSize": "52"
                        }
                    ]
                }
            },
            {
                "uuid": "5",
                "number": 5,
                "quantity": 1,
                "hasPublicity": false,
                "possiblyDiscount": false,
                "status": null,
                "isDeleted": false,
                "price": {
                    "spasibo": 0,
                    "coupon": 0,
                    "bonus": 0,
                    "total": 87200,
                    "firstRetailPrice": 87200,
                    "priceBeforeDisc": 87200
                },
                "reject": {
                    "callCenter": "",
                    "reason": 0,
                    "hasWaste": false,
                    "defectDescription": ""
                },
                "item": {
                    "id": 9413207,
                    "itemId": 9413200,
                    "extId": "5263479",
                    "isNewSeason": false,
                    "isFlammable": false,
                    "isFullPrice": true,
                    "isSale": false,
                    "isPreorder": false,
                    "skuName": "",
                    "variantName": "",
                    "photos": [
                        {
                            "small": "https://static-dev.int.tsum.com/stand/rho/i/94/13/20/0//01_434.jpg?u=1555535444",
                            "middle": "https://static-dev.int.tsum.com/stand/rho/i/94/13/20/0//01_1526.jpg?u=1555535444"
                        },
                        {
                            "small": "https://static-dev.int.tsum.com/stand/rho/i/94/13/20/0//01_434.jpg?u=1555535444",
                            "middle": "https://static-dev.int.tsum.com/stand/rho/i/94/13/20/0//01_1526.jpg?u=1555535444"
                        }
                    ],
                    "title": "Кожаные ботильоны Rylee",
                    "composition": "",
                    "codeVnd": "",
                    "builtCountry": "Италия",
                    "designCountry": "Франция",
                    "description": {
                        "lit": "При создании белых ботильонов Rylee Наташа Рамсей-Леви объединила несколько видов обуви: у казаков она позаимствовала устойчивый скошенный каблук, у гладиаторов – фигурные вырезы на боковых панелях, у трекинговых моделей – высокую шнуровку и регулируемые ремешки с квадратными пряжками. Изделие выполнили из гладкой мягкой кожи с полуматовым блеском.",
                        "tech": "Параметры изделия для размера 40: Толщина подошвы 0,9 см, высота каблука 7,5 см, ширина носка стельки 8,5 см, длина стельки 27 см. В комплект входит:пыльник."
                    },
                    "color": {
                        "id": 660991,
                        "title": "Белый",
                        "slug": "belyy",
                        "hex": "ffffff",
                        "feminine": "Белая",
                        "neutral": "Белое",
                        "parental": "Белого",
                        "guid": null,
                        "code": null
                    },
                    "tags": [],
                    "sizeTable": null,
                    "brandName": "Chloé",
                    "sizes": [
                        {
                            "id": 9413207,
                            "title": "40",
                            "titleVnd": "40",
                            "visible": 1,
                            "isVisibleInCatalog": 1,
                            "russianLabel": null,
                            "russianSize": null,
                            "vendorLabel": null,
                            "vendorSize": "40"
                        }
                    ]
                }
            },
            {
                "uuid": "6",
                "number": 6,
                "quantity": 1,
                "hasPublicity": false,
                "possiblyDiscount": false,
                "status": null,
                "isDeleted": false,
                "price": {
                    "spasibo": 0,
                    "coupon": 0,
                    "bonus": 0,
                    "total": 21400,
                    "firstRetailPrice": 21400,
                    "priceBeforeDisc": 21400
                },
                "reject": {
                    "callCenter": "",
                    "reason": 0,
                    "hasWaste": false,
                    "defectDescription": ""
                },
                "item": {
                    "id": 10674340,
                    "itemId": 10674334,
                    "extId": "5453562",
                    "isNewSeason": false,
                    "isFlammable": false,
                    "isFullPrice": true,
                    "isSale": false,
                    "isPreorder": false,
                    "skuName": "",
                    "variantName": "",
                    "photos": [
                        {
                            "small": "https://static-dev.int.tsum.com/stand/rho/i/10/67/43/34//01_434.jpg?u=1575581884",
                            "middle": "https://static-dev.int.tsum.com/stand/rho/i/10/67/43/34//01_1526.jpg?u=1575581884"
                        },
                        {
                            "small": "https://static-dev.int.tsum.com/stand/rho/i/10/67/43/34//01_434.jpg?u=1575581884",
                            "middle": "https://static-dev.int.tsum.com/stand/rho/i/10/67/43/34//01_1526.jpg?u=1575581884"
                        }
                    ],
                    "title": "Джинсы",
                    "composition": "",
                    "codeVnd": "",
                    "builtCountry": "Мексика",
                    "designCountry": "США",
                    "description": {
                        "lit": "Джинсы из весенне-летней коллекции 2020 года – удачная инвестиция в повседневный гардероб. Для создания модели мастера марки использовали мягкий хлопок. В чистом виде материал плохо тянется, поэтому в состав ткани добавили гладкие эластичные волокна: так вещь лучше садится по фигуре.",
                        "tech": "Женские синие джинсы PAIGE, арт. 5845E77-6449 по цене 21400 руб. купить в интернет-магазине ЦУМ. Экспресс доставка, подарочная упаковка."
                    },
                    "color": {
                        "id": 660996,
                        "title": "Синий",
                        "slug": "siniy",
                        "hex": "191970",
                        "feminine": "Синяя",
                        "neutral": "Синее",
                        "parental": "Синего",
                        "guid": null,
                        "code": null
                    },
                    "tags": [],
                    "sizeTable": null,
                    "brandName": "Paige",
                    "sizes": [
                        {
                            "id": 10674340,
                            "title": "46",
                            "titleVnd": "S",
                            "visible": 1,
                            "isVisibleInCatalog": 1,
                            "russianLabel": null,
                            "russianSize": null,
                            "vendorLabel": null,
                            "vendorSize": "46"
                        }
                    ]
                }
            }
        ]
    },
    "message": "Замоканный через interceptor ответ заказа"
}
